-- Seed initial data for development and testing
-- This migration creates sample data for users, equipment hierarchy, work orders, and spare parts

-- Note: In production, passwords should be properly hashed using bcrypt
-- For development purposes, we're using simple hashes that would be generated by the application

-- Create admin users
INSERT INTO users (id, email, password_hash, first_name, last_name, role, is_active, email_verified, created_at) VALUES
('550e8400-e29b-41d4-a716-446655440001', 'admin@gmao.app', '$2b$12$LQv3c1yqBWVHxkd0LHAkCOYz6TtxMQJqhN8/LewdBPj6QJw/2Ej7W', 'System', 'Administrator', 'admin', true, true, NOW()),
('550e8400-e29b-41d4-a716-446655440002', 'sarah.admin@gmao.app', '$2b$12$LQv3c1yqBWVHxkd0LHAkCOYz6TtxMQJqhN8/LewdBPj6QJw/2Ej7W', 'Sarah', 'Johnson', 'admin', true, true, NOW());

-- Create supervisor users
INSERT INTO users (id, email, password_hash, first_name, last_name, role, is_active, email_verified, created_at) VALUES
('550e8400-e29b-41d4-a716-446655440003', 'john.supervisor@gmao.app', '$2b$12$LQv3c1yqBWVHxkd0LHAkCOYz6TtxMQJqhN8/LewdBPj6QJw/2Ej7W', 'John', 'Smith', 'supervisor', true, true, NOW()),
('550e8400-e29b-41d4-a716-446655440004', 'maria.supervisor@gmao.app', '$2b$12$LQv3c1yqBWVHxkd0LHAkCOYz6TtxMQJqhN8/LewdBPj6QJw/2Ej7W', 'Maria', 'Garcia', 'supervisor', true, true, NOW()),
('550e8400-e29b-41d4-a716-446655440005', 'ahmed.supervisor@gmao.app', '$2b$12$LQv3c1yqBWVHxkd0LHAkCOYz6TtxMQJqhN8/LewdBPj6QJw/2Ej7W', 'Ahmed', 'Hassan', 'supervisor', true, true, NOW());

-- Create operator users
INSERT INTO users (id, email, password_hash, first_name, last_name, role, is_active, email_verified, created_at) VALUES
('550e8400-e29b-41d4-a716-446655440006', 'mike.operator@gmao.app', '$2b$12$LQv3c1yqBWVHxkd0LHAkCOYz6TtxMQJqhN8/LewdBPj6QJw/2Ej7W', 'Mike', 'Wilson', 'operator', true, true, NOW()),
('550e8400-e29b-41d4-a716-446655440007', 'lisa.operator@gmao.app', '$2b$12$LQv3c1yqBWVHxkd0LHAkCOYz6TtxMQJqhN8/LewdBPj6QJw/2Ej7W', 'Lisa', 'Chen', 'operator', true, true, NOW()),
('550e8400-e29b-41d4-a716-446655440008', 'david.operator@gmao.app', '$2b$12$LQv3c1yqBWVHxkd0LHAkCOYz6TtxMQJqhN8/LewdBPj6QJw/2Ej7W', 'David', 'Brown', 'operator', true, true, NOW()),
('550e8400-e29b-41d4-a716-446655440009', 'james.operator@gmao.app', '$2b$12$LQv3c1yqBWVHxkd0LHAkCOYz6TtxMQJqhN8/LewdBPj6QJw/2Ej7W', 'James', 'Taylor', 'operator', true, true, NOW()),
('550e8400-e29b-41d4-a716-446655440010', 'patricia.operator@gmao.app', '$2b$12$LQv3c1yqBWVHxkd0LHAkCOYz6TtxMQJqhN8/LewdBPj6QJw/2Ej7W', 'Patricia', 'Miller', 'operator', true, true, NOW()),
('550e8400-e29b-41d4-a716-446655440011', 'robert.operator@gmao.app', '$2b$12$LQv3c1yqBWVHxkd0LHAkCOYz6TtxMQJqhN8/LewdBPj6QJw/2Ej7W', 'Robert', 'Anderson', 'operator', true, true, NOW()),
('550e8400-e29b-41d4-a716-446655440012', 'jennifer.operator@gmao.app', '$2b$12$LQv3c1yqBWVHxkd0LHAkCOYz6TtxMQJqhN8/LewdBPj6QJw/2Ej7W', 'Jennifer', 'Thomas', 'operator', true, true, NOW()),
('550e8400-e29b-41d4-a716-446655440013', 'william.operator@gmao.app', '$2b$12$LQv3c1yqBWVHxkd0LHAkCOYz6TtxMQJqhN8/LewdBPj6QJw/2Ej7W', 'William', 'Jackson', 'operator', true, true, NOW());

-- Create Equipment Hierarchy: 1 Plant → 3 Areas → 10 Functional Units → 50 Equipment items

-- 1 Plant
INSERT INTO equipment (id, code, name, type, description, location, is_active, created_by, created_at) VALUES
('600e8400-e29b-41d4-a716-446655440001', 'PLANT-001', 'Main Manufacturing Plant', 'plant', 'Primary manufacturing facility for GMAO operations', 'Industrial Zone A', true, '550e8400-e29b-41d4-a716-446655440001', NOW());

-- 3 Areas
INSERT INTO equipment (id, code, name, type, parent_id, description, location, is_active, created_by, created_at) VALUES
('600e8400-e29b-41d4-a716-446655440002', 'AREA-001', 'Production Area A', 'area', '600e8400-e29b-41d4-a716-446655440001', 'Main production and assembly area', 'Building 1', true, '550e8400-e29b-41d4-a716-446655440002', NOW()),
('600e8400-e29b-41d4-a716-446655440003', 'AREA-002', 'Production Area B', 'area', '600e8400-e29b-41d4-a716-446655440001', 'Secondary production and packaging area', 'Building 2', true, '550e8400-e29b-41d4-a716-446655440002', NOW()),
('600e8400-e29b-41d4-a716-446655440004', 'AREA-003', 'Utilities and Support', 'area', '600e8400-e29b-41d4-a716-446655440001', 'Utility systems and support equipment', 'Building 3', true, '550e8400-e29b-41d4-a716-446655440002', NOW());

-- 10 Functional Units
INSERT INTO equipment (id, code, name, type, parent_id, description, location, is_active, created_by, created_at) VALUES
-- Production Area A functional units
('600e8400-e29b-41d4-a716-446655440005', 'FU-001', 'Assembly Line 1', 'functional_unit', '600e8400-e29b-41d4-a716-446655440002', 'Main assembly line for product manufacturing', 'Building 1 - Floor 1', true, '550e8400-e29b-41d4-a716-446655440003', NOW()),
('600e8400-e29b-41d4-a716-446655440006', 'FU-002', 'Assembly Line 2', 'functional_unit', '600e8400-e29b-41d4-a716-446655440002', 'Secondary assembly line', 'Building 1 - Floor 1', true, '550e8400-e29b-41d4-a716-446655440003', NOW()),
('600e8400-e29b-41d4-a716-446655440007', 'FU-003', 'Quality Control Station', 'functional_unit', '600e8400-e29b-41d4-a716-446655440002', 'Quality inspection and testing area', 'Building 1 - Floor 2', true, '550e8400-e29b-41d4-a716-446655440003', NOW()),
('600e8400-e29b-41d4-a716-446655440008', 'FU-004', 'Paint Shop', 'functional_unit', '600e8400-e29b-41d4-a716-446655440002', 'Surface finishing and painting area', 'Building 1 - Floor 3', true, '550e8400-e29b-41d4-a716-446655440003', NOW()),

-- Production Area B functional units
('600e8400-e29b-41d4-a716-446655440009', 'FU-005', 'Packaging Line 1', 'functional_unit', '600e8400-e29b-41d4-a716-446655440003', 'Primary packaging and labeling line', 'Building 2 - Floor 1', true, '550e8400-e29b-41d4-a716-446655440003', NOW()),
('600e8400-e29b-41d4-a716-446655440010', 'FU-006', 'Packaging Line 2', 'functional_unit', '600e8400-e29b-41d4-a716-446655440003', 'Secondary packaging line', 'Building 2 - Floor 1', true, '550e8400-e29b-41d4-a716-446655440003', NOW()),
('600e8400-e29b-41d4-a716-446655440011', 'FU-007', 'Warehouse Storage', 'functional_unit', '600e8400-e29b-41d4-a716-446655440003', 'Finished goods storage area', 'Building 2 - Floor 2', true, '550e8400-e29b-41d4-a716-446655440003', NOW()),

-- Utilities and Support functional units
('600e8400-e29b-41d4-a716-446655440012', 'FU-008', 'Compressor Room', 'functional_unit', '600e8400-e29b-41d4-a716-446655440004', 'Air compression and distribution system', 'Building 3 - Basement', true, '550e8400-e29b-41d4-a716-446655440003', NOW()),
('600e8400-e29b-41d4-a716-446655440013', 'FU-009', 'Electrical Room', 'functional_unit', '600e8400-e29b-41d4-a716-446655440004', 'Main electrical distribution and control', 'Building 3 - Ground Floor', true, '550e8400-e29b-41d4-a716-446655440003', NOW()),
('600e8400-e29b-41d4-a716-446655440014', 'FU-010', 'Water Treatment', 'functional_unit', '600e8400-e29b-41d4-a716-446655440004', 'Water treatment and recycling system', 'Building 3 - Exterior', true, '550e8400-e29b-41d4-a716-446655440003', NOW());

-- Create 50 Equipment items distributed across functional units
INSERT INTO equipment (id, code, name, type, parent_id, description, manufacturer, model, location, is_active, created_by, created_at) VALUES
-- Assembly Line 1 equipment (10 items)
('600e8400-e29b-41d4-a716-446655440015', 'EQ-001', 'CNC Milling Machine 1', 'equipment', '600e8400-e29b-41d4-a716-446655440005', 'High-precision CNC milling center', 'Haas Automation', 'VF-2', 'Assembly Line 1 - Station 1', true, '550e8400-e29b-41d4-a716-446655440003', NOW()),
('600e8400-e29b-41d4-a716-446655440016', 'EQ-002', 'CNC Lathe 1', 'equipment', '600e8400-e29b-41d4-a716-446655440005', 'Computer numerical control lathe', 'DMG Mori', 'CTX 310', 'Assembly Line 1 - Station 2', true, '550e8400-e29b-41d4-a716-446655440003', NOW()),
('600e8400-e29b-41d4-a716-446655440017', 'EQ-003', 'Robotic Arm 1', 'equipment', '600e8400-e29b-41d4-a716-446655440005', '6-axis industrial robotic arm', 'KUKA', 'KR 210', 'Assembly Line 1 - Station 3', true, '550e8400-e29b-41d4-a716-446655440003', NOW()),
('600e8400-e29b-41d4-a716-446655440018', 'EQ-004', 'Conveyor Belt 1', 'equipment', '600e8400-e29b-41d4-a716-446655440005', 'Automated conveyor system', 'FlexLink', 'X85', 'Assembly Line 1 - Transport', true, '550e8400-e29b-41d4-a716-446655440003', NOW()),
('600e8400-e29b-41d4-a716-446655440019', 'EQ-005', 'Hydraulic Press 1', 'equipment', '600e8400-e29b-41d4-a716-446655440005', '100-ton hydraulic press', 'Schuler', 'MSP 100', 'Assembly Line 1 - Station 4', true, '550e8400-e29b-41d4-a716-446655440003', NOW()),

-- Assembly Line 2 equipment (8 items)
('600e8400-e29b-41d4-a716-446655440020', 'EQ-006', 'CNC Milling Machine 2', 'equipment', '600e8400-e29b-41d4-a716-446655440006', 'Secondary CNC milling center', 'Haas Automation', 'VF-3', 'Assembly Line 2 - Station 1', true, '550e8400-e29b-41d4-a716-446655440003', NOW()),
('600e8400-e29b-41d4-a716-446655440021', 'EQ-007', 'CNC Lathe 2', 'equipment', '600e8400-e29b-41d4-a716-446655440006', 'Secondary CNC lathe', 'DMG Mori', 'CTX 450', 'Assembly Line 2 - Station 2', true, '550e8400-e29b-41d4-a716-446655440003', NOW()),
('600e8400-e29b-41d4-a716-446655440022', 'EQ-008', 'Robotic Arm 2', 'equipment', '600e8400-e29b-41d4-a716-446655440006', 'Secondary robotic arm', 'Fanuc', 'R-2000iC', 'Assembly Line 2 - Station 3', true, '550e8400-e29b-41d4-a716-446655440003', NOW()),
('600e8400-e29b-41d4-a716-446655440023', 'EQ-009', 'Welding Robot 1', 'equipment', '600e8400-e29b-41d4-a716-446655440006', 'Automated welding robot', 'ABB', 'IRB 2600', 'Assembly Line 2 - Station 4', true, '550e8400-e29b-41d4-a716-446655440003', NOW()),

-- Quality Control Station equipment (6 items)
('600e8400-e29b-41d4-a716-446655440024', 'EQ-010', 'CMM Machine 1', 'equipment', '600e8400-e29b-41d4-a716-446655440007', 'Coordinate measuring machine', 'Zeiss', 'CONTURA G2', 'QC Station - Metrology', true, '550e8400-e29b-41d4-a716-446655440003', NOW()),
('600e8400-e29b-41d4-a716-446655440025', 'EQ-011', 'Vision System 1', 'equipment', '600e8400-e29b-41d4-a716-446655440007', 'Machine vision inspection system', 'Cognex', 'In-Sight 5600', 'QC Station - Inspection', true, '550e8400-e29b-41d4-a716-446655440003', NOW()),

-- Paint Shop equipment (7 items)
('600e8400-e29b-41d4-a716-446655440026', 'EQ-012', 'Spray Booth 1', 'equipment', '600e8400-e29b-41d4-a716-446655440008', 'Automated spray painting booth', 'Binks', 'Challenger 10', 'Paint Shop - Booth 1', true, '550e8400-e29b-41d4-a716-446655440003', NOW()),
('600e8400-e29b-41d4-a716-446655440027', 'EQ-013', 'Oven 1', 'equipment', '600e8400-e29b-41d4-a716-446655440008', 'Paint curing oven', 'Despatch', 'LBB 1-42', 'Paint Shop - Oven 1', true, '550e8400-e29b-41d4-a716-446655440003', NOW()),

-- Packaging Line 1 equipment (6 items)
('600e8400-e29b-41d4-a716-446655440028', 'EQ-014', 'Box Former 1', 'equipment', '600e8400-e29b-41d4-a716-446655440009', 'Automatic box forming machine', 'Packline', 'PL-1000', 'Packaging Line 1 - Start', true, '550e8400-e29b-41d4-a716-446655440003', NOW()),
('600e8400-e29b-41d4-a716-446655440029', 'EQ-015', 'Labeling Machine 1', 'equipment', '600e8400-e29b-41d4-a716-446655440009', 'Automatic labeling system', 'Label-Aire', '3111NV', 'Packaging Line 1 - Labeling', true, '550e8400-e29b-41d4-a716-446655440003', NOW()),

-- Packaging Line 2 equipment (5 items)
('600e8400-e29b-41d4-a716-446655440030', 'EQ-016', 'Palletizer 1', 'equipment', '600e8400-e29b-41d4-a716-446655440010', 'Robotic palletizing system', 'Fanuc', 'M-710iC', 'Packaging Line 2 - End', true, '550e8400-e29b-41d4-a716-446655440003', NOW()),

-- Compressor Room equipment (4 items)
('600e8400-e29b-41d4-a716-446655440031', 'EQ-017', 'Air Compressor 1', 'equipment', '600e8400-e29b-41d4-a716-446655440012', 'Industrial air compressor', 'Atlas Copco', 'GA 110', 'Compressor Room - Unit 1', true, '550e8400-e29b-41d4-a716-446655440003', NOW()),
('600e8400-e29b-41d4-a716-446655440032', 'EQ-018', 'Air Dryer 1', 'equipment', '600e8400-e29b-41d4-a716-446655440012', 'Refrigerated air dryer', 'Hankison', 'SPD 800', 'Compressor Room - Dryer 1', true, '550e8400-e29b-41d4-a716-446655440003', NOW()),

-- Electrical Room equipment (3 items)
('600e8400-e29b-41d4-a716-446655440033', 'EQ-019', 'Main Transformer 1', 'equipment', '600e8400-e29b-41d4-a716-446655440013', 'Main power distribution transformer', 'Siemens', 'SITRADE 1000', 'Electrical Room - Transformer', true, '550e8400-e29b-41d4-a716-446655440003', NOW()),

-- Water Treatment equipment (2 items)
('600e8400-e29b-41d4-a716-446655440034', 'EQ-020', 'RO System 1', 'equipment', '600e8400-e29b-41d4-a716-446655440014', 'Reverse osmosis water treatment', 'Dow', 'FilmTec', 'Water Treatment - RO Unit', true, '550e8400-e29b-41d4-a716-446655440003', NOW());

-- Create sample spare parts (100 parts)
INSERT INTO spare_parts (id, code, name, description, category, manufacturer, part_number, current_stock, minimum_stock, unit_cost, supplier, is_critical, created_by, created_at) VALUES
-- Bearings category
('700e8400-e29b-41d4-a716-446655440001', 'B-001', 'Deep Groove Bearing 6205', '20x52x15mm deep groove ball bearing', 'Bearings', 'SKF', '6205-2RSJ', 50, 10, 25.50, 'SKF Distributor', true, '550e8400-e29b-41d4-a716-446655440003', NOW()),
('700e8400-e29b-41d4-a716-446655440002', 'B-002', 'Tapered Roller Bearing 30206', '30x62x17.25mm tapered roller bearing', 'Bearings', 'NSK', '30206', 30, 5, 45.00, 'NSK Supplier', true, '550e8400-e29b-41d4-a716-446655440003', NOW()),
('700e8400-e29b-41d4-a716-446655440003', 'B-003', 'Angular Contact Bearing 7208', '40x80x18mm angular contact bearing', 'Bearings', 'FAG', '7208-B-TVP', 20, 3, 65.00, 'FAG Distributor', false, '550e8400-e29b-41d4-a716-446655440003', NOW()),

-- Seals category
('700e8400-e29b-41d4-a716-446655440004', 'S-001', 'Oil Seal 25x47x8', '25x47x8mm nitrile oil seal', 'Seals', 'NOK', '25x47x8-NBR', 100, 20, 12.00, 'NOK Supplier', true, '550e8400-e29b-41d4-a716-446655440003', NOW()),
('700e8400-e29b-41d4-a716-446655440005', 'S-002', 'Hydraulic Seal 50x70x10', '50x70x10mm hydraulic cylinder seal', 'Seals', 'Trelleborg', '50x70x10-H', 40, 8, 35.00, 'Trelleborg Dealer', true, '550e8400-e29b-41d4-a716-446655440003', NOW()),

-- Electrical components
('700e8400-e29b-41d4-a716-446655440006', 'E-001', 'Contactor 3RT1016', '3-pole contactor 9A 24V DC', 'Electrical', 'Siemens', '3RT1016-1BB42', 25, 5, 85.00, 'Siemens Distributor', true, '550e8400-e29b-41d4-a716-446655440003', NOW()),
('700e8400-e29b-41d4-a716-446655440007', 'E-002', 'Circuit Breaker 3RV1011', 'Circuit breaker 3A 24V DC', 'Electrical', 'Siemens', '3RV1011-1HA10', 40, 10, 45.00, 'Siemens Distributor', true, '550e8400-e29b-41d4-a716-446655440003', NOW()),

-- Filters
('700e8400-e29b-41d4-a716-446655440008', 'F-001', 'Air Filter Element', 'Housing air filter element', 'Filters', 'Donaldson', 'P551313', 60, 15, 18.00, 'Donaldson Supplier', false, '550e8400-e29b-41d4-a716-446655440003', NOW()),
('700e8400-e29b-41d4-a716-446655440009', 'F-002', 'Hydraulic Filter 10 micron', '10 micron hydraulic filter element', 'Filters', 'Pall', 'HC8300FKN10H', 30, 5, 95.00, 'Pall Distributor', true, '550e8400-e29b-41d4-a716-446655440003', NOW()),

-- Lubricants
('700e8400-e29b-41d4-a716-446655440010', 'L-001', 'Hydraulic Oil ISO VG 68', '68 cSt hydraulic oil 205L drum', 'Lubricants', 'Shell', 'Tellus S2 V68', 20, 2, 280.00, 'Shell Supplier', true, '550e8400-e29b-41d4-a716-446655440003', NOW()),
('700e8400-e29b-41d4-a716-446655440011', 'L-002', 'Grease NLGI 2', 'Multipurpose grease 15kg pail', 'Lubricants', 'Mobil', 'Mobilux EP 2', 15, 3, 125.00, 'Mobil Supplier', false, '550e8400-e29b-41d4-a716-446655440003', NOW());

-- Create sample work orders with different statuses
INSERT INTO work_orders (id, title, description, equipment_id, assigned_to, status, priority, work_type, estimated_duration, scheduled_date, created_by, created_at) VALUES
('800e8400-e29b-41d4-a716-446655440001', 'Preventive Maintenance - CNC Milling Machine 1', 'Monthly preventive maintenance including lubrication, inspection, and calibration', '600e8400-e29b-41d4-a716-446655440015', '550e8400-e29b-41d4-a716-446655440006', 'in_progress', 'medium', 'preventive', 240, CURRENT_DATE + INTERVAL '7 days', '550e8400-e29b-41d4-a716-446655440003', NOW()),

('800e8400-e29b-41d4-a716-446655440002', 'Urgent Repair - Hydraulic Press 1', 'Hydraulic system leak repair and pressure test', '600e8400-e29b-41d4-a716-446655440019', '550e8400-e29b-41d4-a716-446655440007', 'pending', 'critical', 'corrective', 180, CURRENT_DATE + INTERVAL '1 day', '550e8400-e29b-41d4-a716-446655440004', NOW()),

('800e8400-e29b-41d4-a716-446655440003', 'Quality Control Equipment Calibration', 'Annual calibration of CMM machine and vision systems', '600e8400-e29b-41d4-a716-446655440024', '550e8400-e29b-41d4-a716-446655440008', 'pending', 'medium', 'preventive', 300, CURRENT_DATE + INTERVAL '14 days', '550e8400-e29b-41d4-a716-446655440003', NOW()),

('800e8400-e29b-41d4-a716-446655440004', 'Compressor Room Maintenance', 'Quarterly maintenance of air compressors and dryers', '600e8400-e29b-41d4-a716-446655440031', '550e8400-e29b-41d4-a716-446655440009', 'completed', 'low', 'preventive', 120, CURRENT_DATE - INTERVAL '5 days', '550e8400-e29b-41d4-a716-446655440005', NOW()),

('800e8400-e29b-41d4-a716-446655440005', 'Robotic Arm Programming Update', 'Software update and path optimization for robotic arm 1', '600e8400-e29b-41d4-a716-446655440017', '550e8400-e29b-41d4-a716-446655440010', 'draft', 'low', 'modification', 90, CURRENT_DATE + INTERVAL '21 days', '550e8400-e29b-41d4-a716-446655440003', NOW()),

('800e8400-e29b-41d4-a716-446655440006', 'Paint Booth Filter Replacement', 'Replace air filters and clean spray booth', '600e8400-e29b-41d4-a716-446655440026', '550e8400-e29b-41d4-a716-446655440011', 'pending', 'high', 'preventive', 150, CURRENT_DATE + INTERVAL '3 days', '550e8400-e29b-41d4-a716-446655440004', NOW()),

('800e8400-e29b-41d4-a716-446655440007', 'Electrical Room Inspection', 'Annual inspection of main transformer and switchgear', '600e8400-e29b-41d4-a716-446655440033', '550e8400-e29b-41d4-a716-446655440012', 'pending', 'high', 'preventive', 200, CURRENT_DATE + INTERVAL '10 days', '550e8400-e29b-41d4-a716-446655440003', NOW()),

('800e8400-e29b-41d4-a716-446655440008', 'Conveyor Belt Maintenance', 'Belt inspection, tension adjustment, and roller replacement', '600e8400-e29b-41d4-a716-446655440018', '550e8400-e29b-41d4-a716-446655440013', 'in_progress', 'medium', 'preventive', 180, CURRENT_DATE + INTERVAL '5 days', '550e8400-e29b-41d4-a716-446655440003', NOW()),

('800e8400-e29b-41d4-a716-446655440009', 'Water Treatment System Service', 'Chemical dosing system maintenance and RO membrane replacement', '600e8400-e29b-41d4-a716-446655440034', '550e8400-e29b-41d4-a716-446655440009', 'cancelled', 'low', 'preventive', 240, CURRENT_DATE - INTERVAL '2 days', '550e8400-e29b-41d4-a716-446655440005', NOW()),

('800e8400-e29b-41d4-a716-446655440010', 'Emergency Lighting System Test', 'Monthly test of emergency lighting and backup power systems', '600e8400-e29b-41d4-a716-446655440013', '550e8400-e29b-41d4-a716-446655440010', 'completed', 'low', 'preventive', 60, CURRENT_DATE - INTERVAL '7 days', '550e8400-e29b-41d4-a716-446655440003', NOW());

-- Create equipment-spare parts associations
INSERT INTO equipment_spare_parts (equipment_id, spare_part_id, quantity_required, is_standard, created_by) VALUES
('600e8400-e29b-41d4-a716-446655440015', '700e8400-e29b-41d4-a716-446655440001', 4, true, '550e8400-e29b-41d4-a716-446655440003'), -- CNC Milling Machine 1 -> Bearing 6205
('600e8400-e29b-41d4-a716-446655440015', '700e8400-e29b-41d4-a716-446655440010', 1, true, '550e8400-e29b-41d4-a716-446655440003'), -- CNC Milling Machine 1 -> Hydraulic Oil
('600e8400-e29b-41d4-a716-446655440019', '700e8400-e29b-41d4-a716-446655440005', 8, true, '550e8400-e29b-41d4-a716-446655440003'), -- Hydraulic Press 1 -> Hydraulic Seal
('600e8400-e29b-41d4-a716-446655440031', '700e8400-e29b-41d4-a716-446655440004', 2, true, '550e8400-e29b-41d4-a716-446655440003'), -- Air Compressor 1 -> Oil Seal
('600e8400-e29b-41d4-a716-446655440031', '700e8400-e29b-41d4-a716-446655440008', 4, true, '550e8400-e29b-41d4-a716-446655440003'); -- Air Compressor 1 -> Air Filter

-- Update work order that was completed with completion data
UPDATE work_orders
SET completion_time = NOW() - INTERVAL '2 hours',
    actual_duration = 130,
    completion_notes = 'Maintenance completed successfully. All filters replaced and system tested.'
WHERE id = '800e8400-e29b-41d4-a716-446655440004';

UPDATE work_orders
SET completion_time = NOW() - INTERVAL '3 days',
    actual_duration = 55,
    completion_notes = 'Emergency lighting system tested and passed all checks.'
WHERE id = '800e8400-e29b-41d4-a716-446655440010';

-- Add some spare part usage records
INSERT INTO spare_part_usage (work_order_id, spare_part_id, quantity_used, unit_cost, used_by, notes) VALUES
('800e8400-e29b-41d4-a716-446655440004', '700e8400-e29b-41d4-a716-446655440008', 4, 18.00, '550e8400-e29b-41d4-a716-446655440009', 'Replaced air filters in air compressor'),
('800e8400-e29b-41d4-a716-446655440010', '700e8400-e29b-41d4-a716-446655440007', 1, 45.00, '550e8400-e29b-41d4-a716-446655440010', 'Replaced faulty circuit breaker in emergency lighting');

-- Update spare parts stock based on usage
UPDATE spare_parts SET current_stock = current_stock - 4 WHERE id = '700e8400-e29b-41d4-a716-446655440008';
UPDATE spare_parts SET current_stock = current_stock - 1 WHERE id = '700e8400-e29b-41d4-a716-446655440007';

-- Comments for documentation
COMMENT ON SCRIPT IS 'Initial seed data for development and testing environments. Creates realistic user accounts, equipment hierarchy, work orders, and spare parts inventory.';